source,campaign,influencer_id,user_id,product,date,orders,revenue
Instagram,C6,619,4876,Protein,2025-07-08,8,3585
Twitter,C7,847,2727,Collagen,2025-04-22,11,7123
YouTube,C8,899,3850,Creatine,2025-01-31,9,1181
YouTube,C1,661,7292,Multivitamin,2025-03-16,18,6370
Twitter,C9,974,7882,Fat Burner,2025-03-12,17,1460
Instagram,C7,989,2054,Collagen,2025-02-02,10,8371
Facebook,C1,544,2014,Fat Burner,2025-04-30,15,2118
Twitter,C5,361,5103,Protein,2025-03-09,4,9017
Twitter,C2,408,2875,Creatine,2025-02-24,6,1990
YouTube,C5,31,1613,Fat Burner,2025-06-26,16,5751
Facebook,C6,118,2194,Creatine,2025-03-16,1,9139
Facebook,C5,185,8234,Fat Burner,2025-06-01,11,9724
Facebook,C6,829,7132,Multivitamin,2025-06-05,17,9922
Twitter,C7,331,1482,Collagen,2025-04-30,16,9215
Twitter,C4,440,3851,Fat Burner,2025-03-15,16,9047
Instagram,C6,810,6261,Creatine,2025-04-10,6,6958
Instagram,C1,191,2763,Collagen,2025-01-27,6,9451
YouTube,C3,367,8364,Protein,2025-04-13,3,3792
YouTube,C1,252,7187,Fat Burner,2025-03-18,14,5129
Twitter,C1,75,3182,Omega-3,2025-06-12,10,5748
Facebook,C1,221,4272,Omega-3,2025-04-30,4,2719
Facebook,C6,673,4206,Fat Burner,2025-05-28,15,7838
YouTube,C4,381,5136,Fat Burner,2025-01-28,11,3744
Facebook,C5,381,9046,Protein,2025-03-14,18,5299
Instagram,C8,149,8168,Protein,2025-02-24,6,7484
Facebook,C5,799,5687,Multivitamin,2025-05-02,7,7123
YouTube,C10,322,4694,Collagen,2025-02-01,4,7629
Facebook,C2,126,4296,Multivitamin,2025-04-18,8,6677
Instagram,C7,10,3655,Fat Burner,2025-05-11,7,1849
Twitter,C3,327,8111,Creatine,2025-04-01,10,8535
Facebook,C5,705,9659,Protein,2025-01-22,17,890
Twitter,C8,12,4150,Multivitamin,2025-05-12,10,8548
Instagram,C6,735,2409,Omega-3,2025-01-24,11,2209
YouTube,C6,337,1397,Protein,2025-05-17,17,5767
Instagram,C5,219,2576,Creatine,2025-06-03,16,9695
YouTube,C2,477,4334,Collagen,2025-05-04,4,8431
Instagram,C2,582,1544,Multivitamin,2025-05-16,10,6870
Facebook,C1,815,3302,Fat Burner,2025-02-19,20,5511
Instagram,C9,330,1085,Collagen,2025-03-12,7,8652
YouTube,C3,921,6891,Omega-3,2025-01-29,19,5205
YouTube,C6,239,7685,Multivitamin,2025-03-18,5,1403
Instagram,C6,576,9955,Fat Burner,2025-02-13,11,9143
Facebook,C6,68,2179,Fat Burner,2025-01-23,6,1182
Twitter,C10,395,6582,Protein,2025-04-16,7,3581
YouTube,C9,291,4036,Creatine,2025-04-11,13,1961
YouTube,C10,617,9653,Creatine,2025-07-01,6,5531
Twitter,C6,218,9129,Collagen,2025-03-06,6,9859
Instagram,C4,540,4115,Creatine,2025-01-22,20,9393
Facebook,C5,223,4399,Protein,2025-03-10,6,3340
Instagram,C4,106,8761,Creatine,2025-04-14,11,5638
Twitter,C10,575,9205,Omega-3,2025-05-31,17,1285
Instagram,C7,285,6768,Collagen,2025-07-10,16,9253
YouTube,C2,734,6840,Fat Burner,2025-07-02,20,958
Twitter,C2,623,3258,Protein,2025-03-12,14,1273
Facebook,C3,969,2100,Collagen,2025-04-09,9,5463
Facebook,C10,905,8190,Omega-3,2025-06-05,8,6806
YouTube,C2,827,8004,Protein,2025-05-09,9,3584
Instagram,C1,881,7162,Protein,2025-06-05,16,6263
YouTube,C10,688,2161,Protein,2025-03-03,10,9310
Facebook,C4,77,2280,Multivitamin,2025-02-06,12,1359
Facebook,C4,588,3083,Fat Burner,2025-03-11,5,7607
Instagram,C8,915,9474,Protein,2025-07-16,10,8829
Facebook,C2,662,5886,Multivitamin,2025-02-05,11,9084
YouTube,C2,432,2653,Creatine,2025-04-08,12,3421
YouTube,C9,699,2932,Collagen,2025-01-27,11,8835
YouTube,C10,775,9170,Fat Burner,2025-02-05,15,6575
Twitter,C6,446,4777,Protein,2025-05-02,10,1232
Facebook,C5,326,1843,Multivitamin,2025-06-11,14,4014
Facebook,C8,833,9856,Protein,2025-01-26,19,2116
YouTube,C4,328,6421,Multivitamin,2025-06-27,13,7991
Twitter,C9,203,1369,Fat Burner,2025-06-22,14,3542
YouTube,C3,202,4670,Creatine,2025-03-07,1,4130
Facebook,C1,51,5749,Omega-3,2025-01-29,13,5747
Twitter,C3,822,5118,Protein,2025-07-19,2,1695
YouTube,C4,506,7396,Fat Burner,2025-05-08,14,3835
Instagram,C7,511,6863,Multivitamin,2025-06-16,12,8614
YouTube,C9,48,2113,Creatine,2025-04-20,5,3887
Facebook,C5,282,3586,Fat Burner,2025-06-05,15,9857
Instagram,C9,432,5719,Fat Burner,2025-06-07,9,755
Facebook,C6,123,2225,Multivitamin,2025-05-05,1,1241
YouTube,C6,128,9755,Fat Burner,2025-02-24,7,6750
Twitter,C8,464,4955,Fat Burner,2025-03-28,7,3875
Facebook,C2,176,9482,Multivitamin,2025-06-30,9,2405
Facebook,C7,616,9192,Creatine,2025-05-13,10,5258
Facebook,C2,335,6115,Protein,2025-06-01,12,577
Instagram,C8,606,7540,Omega-3,2025-07-18,1,4438
Instagram,C7,393,1928,Fat Burner,2025-04-07,11,5919
Twitter,C9,243,9944,Creatine,2025-07-09,14,3400
Facebook,C9,591,2816,Multivitamin,2025-06-24,13,6888
Twitter,C1,22,8716,Creatine,2025-07-03,11,4241
Twitter,C3,292,5309,Multivitamin,2025-07-05,18,6591
Facebook,C10,19,1491,Collagen,2025-07-20,18,7085
YouTube,C5,660,1528,Creatine,2025-03-06,7,1233
Facebook,C3,803,6538,Omega-3,2025-02-06,7,3054
YouTube,C5,877,7904,Multivitamin,2025-06-08,20,2821
YouTube,C1,590,5274,Multivitamin,2025-06-18,17,4533
Facebook,C10,5,4285,Creatine,2025-05-02,15,4730
Facebook,C1,934,6481,Multivitamin,2025-06-25,9,7427
Facebook,C4,473,1973,Multivitamin,2025-04-07,4,9847
YouTube,C7,292,3282,Creatine,2025-03-04,3,5574
Instagram,C8,135,4346,Creatine,2025-04-02,8,3856
Facebook,C9,862,9963,Fat Burner,2025-06-07,6,4966
Instagram,C9,991,6400,Omega-3,2025-07-08,11,7204
YouTube,C2,413,2021,Creatine,2025-06-03,16,667
YouTube,C3,38,4860,Protein,2025-04-21,19,7313
Twitter,C8,918,9086,Omega-3,2025-05-13,16,7277
Twitter,C9,547,2194,Creatine,2025-01-24,2,6678
Instagram,C7,941,1579,Collagen,2025-01-22,13,5056
YouTube,C9,541,6666,Creatine,2025-04-12,16,3604
Facebook,C7,41,2159,Creatine,2025-05-20,8,8498
Facebook,C7,346,7819,Fat Burner,2025-02-13,9,4652
Instagram,C10,661,2320,Collagen,2025-05-01,20,670
Twitter,C5,17,8844,Omega-3,2025-03-14,19,6979
Instagram,C4,72,3121,Fat Burner,2025-01-27,13,1184
Instagram,C3,482,5432,Fat Burner,2025-05-27,2,7858
Twitter,C1,98,1683,Multivitamin,2025-06-20,4,2611
Facebook,C3,850,2704,Protein,2025-02-13,2,4153
Facebook,C10,822,1583,Collagen,2025-07-17,11,1655
YouTube,C4,426,9136,Omega-3,2025-03-11,9,2374
Twitter,C10,741,9316,Multivitamin,2025-01-27,18,2388
YouTube,C1,309,4690,Collagen,2025-06-13,12,3103
Instagram,C9,282,6738,Collagen,2025-07-02,15,8504
Facebook,C8,325,8069,Multivitamin,2025-05-22,10,1589
Instagram,C9,772,8824,Fat Burner,2025-06-16,4,3504
Instagram,C9,355,5971,Omega-3,2025-02-10,16,9297
Facebook,C5,410,4731,Creatine,2025-05-31,5,5863
Facebook,C5,82,1351,Fat Burner,2025-01-28,3,3242
Twitter,C4,570,1906,Fat Burner,2025-04-17,11,4702
Facebook,C5,794,1431,Creatine,2025-05-26,14,7024
YouTube,C5,321,4214,Multivitamin,2025-07-11,5,5166
Facebook,C9,506,9752,Creatine,2025-03-20,5,9286
Instagram,C2,628,7215,Fat Burner,2025-05-24,19,5193
Instagram,C3,49,1296,Collagen,2025-04-23,10,5164
Twitter,C4,403,8899,Collagen,2025-03-29,19,9840
Instagram,C1,306,1854,Fat Burner,2025-05-11,7,4784
YouTube,C9,714,7342,Creatine,2025-06-28,18,2277
Twitter,C4,466,7180,Protein,2025-06-12,3,2456
Facebook,C5,506,3051,Collagen,2025-03-06,15,6970
Facebook,C1,870,8040,Multivitamin,2025-02-12,8,3811
Facebook,C3,657,7993,Creatine,2025-06-21,11,1917
Instagram,C5,991,3257,Multivitamin,2025-05-17,19,9589
Instagram,C3,933,2893,Omega-3,2025-03-19,18,8658
YouTube,C5,125,8175,Creatine,2025-06-29,9,3789
Facebook,C1,864,2933,Protein,2025-04-26,18,2582
YouTube,C4,383,7024,Protein,2025-04-03,17,8990
Facebook,C4,961,6763,Collagen,2025-02-18,10,1084
Twitter,C9,633,4172,Fat Burner,2025-05-26,1,8183
YouTube,C2,106,6621,Fat Burner,2025-05-12,5,8344
YouTube,C1,30,8152,Multivitamin,2025-05-20,3,2291
Instagram,C6,230,1949,Omega-3,2025-05-20,11,2325
Instagram,C10,49,4902,Multivitamin,2025-05-07,12,4246
YouTube,C6,846,4801,Omega-3,2025-05-01,15,1123
Twitter,C6,11,2507,Collagen,2025-05-19,7,6858
Instagram,C2,143,1164,Creatine,2025-06-14,6,3522
Facebook,C9,108,4721,Creatine,2025-02-15,11,1869
YouTube,C5,331,7767,Collagen,2025-04-13,15,1604
Instagram,C3,883,9785,Omega-3,2025-03-19,8,4460
Instagram,C7,705,1750,Fat Burner,2025-05-28,15,7642
Twitter,C10,742,1244,Collagen,2025-03-14,12,6576
YouTube,C5,447,5094,Protein,2025-02-27,11,7677
Facebook,C6,232,1931,Creatine,2025-07-13,7,2838
Twitter,C1,175,2255,Fat Burner,2025-07-08,9,7742
YouTube,C1,91,1928,Protein,2025-02-08,9,1172
YouTube,C6,196,3076,Fat Burner,2025-02-23,20,8751
Instagram,C4,742,8185,Creatine,2025-02-27,1,3596
YouTube,C5,924,3958,Protein,2025-04-05,5,3947
Facebook,C3,832,5630,Multivitamin,2025-03-17,4,5708
Instagram,C5,378,1716,Omega-3,2025-06-02,14,1216
Instagram,C1,836,6146,Omega-3,2025-07-09,14,9819
Facebook,C9,925,6728,Creatine,2025-05-15,13,732
Twitter,C10,551,5001,Creatine,2025-01-26,16,3002
Facebook,C2,6,5790,Fat Burner,2025-07-11,2,6092
Instagram,C7,957,3125,Protein,2025-06-08,17,4609
Instagram,C5,705,7517,Multivitamin,2025-03-09,2,3375
Instagram,C10,889,8843,Creatine,2025-03-12,17,6236
Facebook,C9,54,3005,Creatine,2025-04-29,12,8069
YouTube,C4,266,2258,Multivitamin,2025-03-29,1,3787
YouTube,C8,905,2251,Omega-3,2025-06-24,19,1424
Twitter,C4,804,5099,Collagen,2025-06-01,14,6911
YouTube,C6,45,9907,Multivitamin,2025-01-26,2,6726
YouTube,C5,114,4372,Protein,2025-02-19,17,3008
Instagram,C4,50,9108,Omega-3,2025-04-19,11,5280
Instagram,C10,970,6848,Collagen,2025-05-23,18,8783
Facebook,C7,312,4609,Omega-3,2025-05-09,16,1542
Instagram,C3,77,8266,Collagen,2025-04-15,10,4190
Instagram,C8,271,5959,Collagen,2025-03-25,19,3514
Twitter,C4,338,7011,Fat Burner,2025-07-08,11,3684
YouTube,C7,705,5795,Omega-3,2025-05-12,3,6003
Instagram,C6,628,5001,Fat Burner,2025-07-13,3,7690
YouTube,C3,811,9631,Omega-3,2025-04-16,19,914
Instagram,C8,832,5383,Omega-3,2025-06-12,3,7717
YouTube,C2,389,6224,Multivitamin,2025-04-04,18,1636
YouTube,C8,277,9870,Creatine,2025-03-18,4,4526
Instagram,C3,716,9248,Fat Burner,2025-02-02,18,9159
Facebook,C8,175,2710,Creatine,2025-04-01,6,5215
Instagram,C3,948,1884,Collagen,2025-02-06,17,9623
Twitter,C3,142,6679,Creatine,2025-02-20,3,3139
Twitter,C4,598,7731,Omega-3,2025-02-20,19,2848
YouTube,C10,472,8966,Fat Burner,2025-07-19,15,9464
YouTube,C8,123,5583,Omega-3,2025-01-28,20,5702
Facebook,C3,130,2285,Creatine,2025-05-16,7,1429
Facebook,C5,327,4335,Protein,2025-03-03,3,2324
Instagram,C1,883,3246,Multivitamin,2025-02-13,14,1567
YouTube,C5,152,9535,Collagen,2025-01-29,9,7216
YouTube,C3,772,4777,Protein,2025-06-06,15,8987
Instagram,C3,599,5996,Omega-3,2025-02-20,15,9253
Twitter,C7,910,4453,Omega-3,2025-02-27,5,786
Twitter,C10,871,3011,Creatine,2025-02-14,11,3283
YouTube,C4,990,7101,Collagen,2025-05-04,3,5770
Instagram,C2,917,3325,Omega-3,2025-03-03,6,6568
Facebook,C3,424,1587,Collagen,2025-05-21,19,1129
Twitter,C2,653,4851,Protein,2025-06-25,11,2850
Instagram,C7,458,8213,Multivitamin,2025-02-11,15,2200
Facebook,C4,685,8434,Collagen,2025-06-04,17,4328
YouTube,C8,126,2871,Multivitamin,2025-01-19,14,596
Facebook,C7,535,1348,Creatine,2025-01-25,1,6745
YouTube,C2,541,9174,Collagen,2025-07-17,13,556
Instagram,C9,247,1553,Fat Burner,2025-04-27,19,9719
Twitter,C3,592,5428,Collagen,2025-06-24,10,1457
Twitter,C1,490,5554,Multivitamin,2025-03-22,1,6849
Instagram,C10,678,7294,Collagen,2025-03-18,20,9788
Instagram,C2,502,5921,Multivitamin,2025-05-04,13,2460
YouTube,C7,1000,2384,Multivitamin,2025-07-02,1,4178
Facebook,C7,288,1978,Fat Burner,2025-06-15,1,1076
Twitter,C1,330,5572,Creatine,2025-02-21,8,9734
Facebook,C2,792,7290,Protein,2025-07-14,11,9438
Instagram,C1,749,9115,Protein,2025-07-06,14,1711
YouTube,C1,495,1308,Creatine,2025-04-11,5,824
Twitter,C3,232,7268,Multivitamin,2025-02-06,9,8305
Instagram,C4,95,7302,Creatine,2025-05-14,8,9863
Twitter,C2,271,8274,Omega-3,2025-02-11,19,6825
Facebook,C5,785,1727,Omega-3,2025-04-07,11,5127
YouTube,C3,304,4677,Multivitamin,2025-01-22,18,6836
Twitter,C10,729,4370,Omega-3,2025-07-01,15,7867
YouTube,C1,85,7214,Protein,2025-02-24,7,4393
Twitter,C1,362,4021,Fat Burner,2025-02-12,19,8537
Facebook,C2,572,8062,Multivitamin,2025-07-07,12,4596
Instagram,C9,856,9724,Multivitamin,2025-05-27,19,6154
Twitter,C6,894,1856,Multivitamin,2025-02-01,5,7954
Instagram,C2,249,5999,Creatine,2025-02-02,7,8350
Facebook,C4,676,1512,Creatine,2025-07-12,5,3009
Facebook,C3,663,9872,Protein,2025-04-26,7,7941
YouTube,C8,753,6698,Multivitamin,2025-03-22,10,9289
Instagram,C10,877,1425,Multivitamin,2025-06-11,6,6400
YouTube,C8,211,6508,Multivitamin,2025-05-19,4,4167
Instagram,C3,712,5301,Omega-3,2025-07-04,1,2865
Instagram,C5,80,4547,Protein,2025-04-16,18,5199
Twitter,C6,77,1448,Fat Burner,2025-01-29,20,3356
YouTube,C8,996,6586,Multivitamin,2025-06-02,2,6864
Facebook,C3,507,8111,Multivitamin,2025-06-29,5,4714
YouTube,C4,62,8004,Fat Burner,2025-01-22,18,3126
Instagram,C1,218,1935,Collagen,2025-02-05,12,6530
Instagram,C9,14,2789,Creatine,2025-06-13,3,843
YouTube,C5,687,7358,Protein,2025-02-17,11,7573
Twitter,C9,222,5709,Omega-3,2025-06-13,11,5412
Facebook,C2,480,9761,Multivitamin,2025-02-24,8,2859
Twitter,C1,839,8594,Creatine,2025-04-07,7,1197
YouTube,C1,395,7944,Protein,2025-05-29,7,8035
YouTube,C2,193,9501,Omega-3,2025-04-21,10,7223
Facebook,C9,500,5261,Collagen,2025-04-29,6,9371
YouTube,C5,108,3663,Fat Burner,2025-05-07,14,4218
Instagram,C2,349,7247,Omega-3,2025-02-19,9,7090
YouTube,C9,214,8656,Fat Burner,2025-04-09,8,2548
Facebook,C7,834,4903,Multivitamin,2025-03-27,7,6282
Twitter,C3,605,3160,Omega-3,2025-07-04,12,3909
YouTube,C1,780,1248,Fat Burner,2025-06-12,1,7148
Twitter,C4,541,5598,Omega-3,2025-06-30,5,7399
Twitter,C1,527,5495,Omega-3,2025-01-22,15,7344
Instagram,C4,880,2401,Fat Burner,2025-03-22,4,8046
Facebook,C7,321,5094,Multivitamin,2025-03-05,13,7910
Twitter,C7,779,9893,Protein,2025-01-25,1,7772
Instagram,C3,968,5846,Omega-3,2025-05-20,15,6864
YouTube,C6,320,6530,Multivitamin,2025-03-09,7,8094
Twitter,C5,726,7465,Creatine,2025-06-23,13,6456
Twitter,C4,465,1632,Multivitamin,2025-07-13,2,6034
YouTube,C7,672,5493,Omega-3,2025-07-06,15,5841
YouTube,C2,158,6926,Creatine,2025-03-20,15,7035
Instagram,C8,869,5403,Creatine,2025-04-14,13,2680
YouTube,C3,517,5104,Fat Burner,2025-02-04,7,9182
YouTube,C2,109,1202,Fat Burner,2025-06-02,7,3873
Facebook,C4,937,3036,Omega-3,2025-03-16,13,4530
Twitter,C2,134,6028,Collagen,2025-05-10,19,4054
YouTube,C5,225,6259,Omega-3,2025-04-04,4,3628
Facebook,C6,939,5333,Collagen,2025-03-14,3,9812
Instagram,C2,373,3929,Protein,2025-07-19,6,3688
Instagram,C10,395,8271,Creatine,2025-04-22,17,6454
Facebook,C6,999,8581,Omega-3,2025-04-06,19,8091
Instagram,C2,464,1282,Fat Burner,2025-05-30,17,9481
YouTube,C6,889,8207,Fat Burner,2025-07-15,4,7188
Instagram,C2,636,1145,Collagen,2025-01-27,6,6640
YouTube,C1,526,8642,Protein,2025-02-08,7,5528
YouTube,C10,208,1606,Multivitamin,2025-03-26,4,3998
YouTube,C3,799,6877,Collagen,2025-04-08,16,6936
Instagram,C3,410,8867,Multivitamin,2025-06-01,20,2815
YouTube,C7,193,4569,Multivitamin,2025-01-31,12,8204
YouTube,C9,71,7694,Creatine,2025-02-10,11,2280
YouTube,C6,285,1959,Creatine,2025-01-21,14,9393
Instagram,C10,434,2303,Creatine,2025-06-20,7,7910
Facebook,C3,169,5529,Collagen,2025-02-16,7,5420
Facebook,C7,703,6145,Protein,2025-06-29,3,7252
Twitter,C3,315,2049,Collagen,2025-03-26,17,1333
YouTube,C5,975,8216,Collagen,2025-06-10,12,3767
YouTube,C10,891,3945,Omega-3,2025-03-01,16,4058
YouTube,C5,592,5227,Protein,2025-05-15,9,6032
Facebook,C6,664,5524,Fat Burner,2025-01-26,17,9538
YouTube,C2,105,5252,Multivitamin,2025-01-26,4,3067
YouTube,C5,151,9108,Multivitamin,2025-04-02,15,6796
Twitter,C8,473,3084,Omega-3,2025-04-30,1,8978
Twitter,C6,898,4726,Multivitamin,2025-05-03,1,7574
Facebook,C5,110,3858,Protein,2025-04-10,13,3454
YouTube,C2,763,3406,Multivitamin,2025-03-23,14,7757
Twitter,C1,113,1812,Creatine,2025-03-27,13,890
Facebook,C3,247,4812,Omega-3,2025-05-04,4,3882
Instagram,C3,17,2875,Protein,2025-07-11,12,6823
Twitter,C6,916,1630,Creatine,2025-02-02,12,9796
Facebook,C3,472,4018,Omega-3,2025-01-22,10,3323
Facebook,C7,192,9302,Fat Burner,2025-05-28,3,4978
YouTube,C8,274,8214,Multivitamin,2025-02-03,14,9730
Facebook,C8,30,6199,Omega-3,2025-02-13,10,3053
Facebook,C2,488,1687,Multivitamin,2025-05-23,8,7084
Facebook,C2,678,4734,Creatine,2025-01-19,3,9921
Facebook,C10,544,1996,Creatine,2025-04-29,13,3740
YouTube,C7,464,5244,Omega-3,2025-05-28,16,2968
Facebook,C5,361,5217,Fat Burner,2025-04-10,1,7238
Instagram,C3,272,1264,Omega-3,2025-01-29,9,5685
Facebook,C2,122,6789,Protein,2025-07-19,11,8177
Facebook,C6,950,9854,Creatine,2025-01-25,2,4525
Instagram,C3,564,1732,Omega-3,2025-03-14,5,2639
Twitter,C3,87,4845,Multivitamin,2025-05-07,8,8473
YouTube,C7,363,6729,Multivitamin,2025-06-13,6,5680
YouTube,C6,442,2788,Omega-3,2025-04-03,19,9193
Twitter,C6,218,2269,Fat Burner,2025-02-16,1,1078
Facebook,C8,155,9305,Collagen,2025-04-18,5,2090
Facebook,C7,407,8271,Protein,2025-01-24,17,1570
Twitter,C8,515,2854,Omega-3,2025-02-18,5,1904
Facebook,C7,442,9372,Protein,2025-06-02,5,851
Twitter,C10,521,2268,Creatine,2025-07-17,16,642
Facebook,C6,342,4882,Fat Burner,2025-07-01,2,1364
Facebook,C3,55,4343,Fat Burner,2025-07-08,2,5931
Instagram,C4,452,6337,Protein,2025-07-18,20,1973
Twitter,C7,280,7084,Fat Burner,2025-06-05,7,5633
YouTube,C7,379,7815,Omega-3,2025-03-13,10,6344
Facebook,C9,101,2169,Protein,2025-06-04,12,3826
YouTube,C8,51,7987,Multivitamin,2025-02-21,20,2967
YouTube,C9,665,5638,Creatine,2025-04-17,14,3989
YouTube,C9,392,3344,Multivitamin,2025-06-15,6,5539
Instagram,C8,750,1404,Collagen,2025-03-24,14,1581
Instagram,C9,951,6350,Collagen,2025-05-09,6,6446
Twitter,C9,433,6902,Omega-3,2025-04-11,6,5669
Facebook,C4,199,6488,Fat Burner,2025-03-14,17,7817
Facebook,C7,302,7686,Omega-3,2025-01-27,5,8283
Facebook,C2,194,7139,Protein,2025-04-01,6,6047
Facebook,C10,413,8711,Omega-3,2025-05-30,12,3370
Twitter,C7,181,5817,Fat Burner,2025-02-05,4,5247
Facebook,C9,609,1510,Fat Burner,2025-05-03,6,5468
Facebook,C10,283,3626,Omega-3,2025-05-04,1,2162
Twitter,C4,543,7034,Omega-3,2025-06-30,16,9705
Instagram,C2,623,1730,Protein,2025-01-29,7,3118
Facebook,C4,506,5765,Creatine,2025-03-25,10,2990
Instagram,C6,532,3458,Omega-3,2025-03-18,13,3174
Instagram,C1,444,1418,Creatine,2025-04-16,12,7302
Facebook,C4,112,2740,Fat Burner,2025-07-20,9,2440
YouTube,C1,698,4464,Fat Burner,2025-05-09,20,9221
YouTube,C6,52,6129,Protein,2025-02-02,11,7212
Facebook,C9,662,9368,Collagen,2025-06-10,1,3093
Twitter,C8,255,9326,Omega-3,2025-06-09,1,9702
Twitter,C3,982,6636,Collagen,2025-01-23,11,9549
Facebook,C2,114,4520,Creatine,2025-05-15,1,8193
Twitter,C1,225,7206,Omega-3,2025-07-17,16,5107
Instagram,C6,118,1534,Fat Burner,2025-03-07,2,4586
Facebook,C6,55,3458,Creatine,2025-05-02,5,2357
Facebook,C3,917,7243,Collagen,2025-02-04,14,2902
YouTube,C5,37,2285,Creatine,2025-05-07,2,7789
YouTube,C8,590,2266,Protein,2025-06-24,18,2090
Facebook,C3,273,4679,Multivitamin,2025-06-11,13,1145
Instagram,C9,245,9249,Omega-3,2025-03-29,20,2721
Twitter,C7,68,9982,Collagen,2025-05-21,17,6741
Instagram,C4,545,7849,Omega-3,2025-05-03,6,8246
YouTube,C4,104,9830,Fat Burner,2025-06-08,6,6715
Twitter,C4,283,2986,Protein,2025-01-29,4,8313
Facebook,C1,232,9646,Multivitamin,2025-07-16,1,3292
YouTube,C3,904,1842,Protein,2025-06-14,12,826
Twitter,C2,636,8738,Creatine,2025-03-18,8,6437
YouTube,C3,717,9592,Fat Burner,2025-05-26,3,7724
YouTube,C7,734,9525,Collagen,2025-01-22,14,9870
Instagram,C1,415,8225,Creatine,2025-02-17,3,3479
Instagram,C7,402,6192,Multivitamin,2025-06-16,4,7829
Instagram,C6,403,5410,Collagen,2025-02-06,16,825
Facebook,C1,104,4195,Collagen,2025-04-25,15,8557
Facebook,C2,226,5801,Fat Burner,2025-06-06,14,9786
Instagram,C10,752,4998,Omega-3,2025-06-24,18,6133
YouTube,C2,844,6385,Omega-3,2025-04-16,15,6066
Facebook,C8,901,4982,Protein,2025-02-13,5,1892
YouTube,C10,709,6930,Omega-3,2025-04-06,20,6561
Facebook,C3,275,4782,Creatine,2025-03-29,1,1628
Twitter,C1,508,8468,Protein,2025-04-11,10,3403
Twitter,C3,211,6157,Protein,2025-01-28,16,2710
Facebook,C6,176,2890,Omega-3,2025-05-16,16,5416
Twitter,C3,805,4949,Omega-3,2025-02-25,9,6949
Facebook,C2,209,8291,Creatine,2025-07-16,5,2949
Instagram,C4,356,7716,Protein,2025-03-25,11,2318
Instagram,C2,653,6929,Collagen,2025-03-07,18,3729
Twitter,C1,295,2305,Fat Burner,2025-02-22,12,5754
YouTube,C10,723,6766,Creatine,2025-05-15,20,5289
Twitter,C7,611,9284,Creatine,2025-04-08,4,1861
YouTube,C3,295,2252,Omega-3,2025-06-02,16,6311
Facebook,C3,752,6935,Creatine,2025-07-09,16,8605
Twitter,C8,4,8932,Fat Burner,2025-04-02,19,761
Instagram,C3,97,4774,Creatine,2025-05-07,7,7344
YouTube,C9,190,8355,Protein,2025-02-07,5,3269
Facebook,C5,516,7862,Collagen,2025-02-25,8,6483
Instagram,C8,930,4764,Creatine,2025-05-31,17,4640
Instagram,C7,718,3052,Multivitamin,2025-05-21,5,3646
Instagram,C6,638,9808,Creatine,2025-05-21,5,8911
Facebook,C8,489,5013,Creatine,2025-05-31,8,5091
Facebook,C1,757,7678,Omega-3,2025-07-16,3,9026
Twitter,C5,313,3263,Protein,2025-03-24,4,884
Facebook,C2,874,5264,Omega-3,2025-05-22,13,8521
YouTube,C3,929,5700,Creatine,2025-03-16,10,5719
YouTube,C1,705,6596,Creatine,2025-03-06,20,3234
Twitter,C1,245,6142,Fat Burner,2025-05-14,4,1352
YouTube,C10,175,2932,Protein,2025-05-07,8,4412
YouTube,C3,323,2335,Collagen,2025-05-01,8,5523
YouTube,C9,698,7692,Protein,2025-03-23,9,4810
Facebook,C3,72,7898,Creatine,2025-01-30,6,7855
YouTube,C1,171,9274,Fat Burner,2025-02-02,10,7593
Instagram,C7,192,3431,Protein,2025-01-28,11,6029
Facebook,C7,341,9096,Collagen,2025-06-28,15,1162
YouTube,C8,922,4245,Fat Burner,2025-03-02,19,4970
YouTube,C9,467,3947,Omega-3,2025-06-13,17,8005
YouTube,C5,146,8439,Multivitamin,2025-04-09,17,1814
Instagram,C10,986,1254,Multivitamin,2025-05-25,19,5954
YouTube,C9,14,3732,Protein,2025-04-08,9,9532
YouTube,C5,683,2979,Collagen,2025-01-23,5,1014
Twitter,C4,486,7858,Protein,2025-04-28,11,2640
Facebook,C7,439,5315,Multivitamin,2025-03-12,14,674
Facebook,C3,343,8698,Fat Burner,2025-03-07,12,9898
Instagram,C5,22,2654,Multivitamin,2025-07-05,5,814
YouTube,C2,182,3070,Fat Burner,2025-02-24,19,5459
Instagram,C9,998,1558,Omega-3,2025-05-02,2,6736
Twitter,C7,271,8068,Omega-3,2025-03-11,13,3770
Instagram,C3,903,1392,Creatine,2025-06-23,2,8202
Facebook,C4,79,3735,Creatine,2025-05-13,7,6726
Instagram,C7,175,2196,Omega-3,2025-04-28,6,6863
Twitter,C10,696,3168,Fat Burner,2025-05-12,1,1089
Instagram,C1,779,9436,Collagen,2025-05-27,5,4928
Twitter,C4,874,9672,Multivitamin,2025-07-20,2,6646
Instagram,C7,10,7358,Fat Burner,2025-03-31,8,5999
YouTube,C3,609,7919,Collagen,2025-03-26,6,6509
Facebook,C9,361,6805,Collagen,2025-07-06,13,8898
Facebook,C10,993,3088,Omega-3,2025-07-17,11,7455
Instagram,C2,486,7591,Protein,2025-07-07,1,7171
Instagram,C8,598,4955,Protein,2025-03-28,19,6105
Instagram,C8,2,5806,Creatine,2025-06-10,16,2668
Twitter,C6,501,2950,Creatine,2025-03-31,16,6172
Instagram,C7,895,6518,Protein,2025-06-30,12,4785
Instagram,C7,254,6515,Multivitamin,2025-05-13,7,9550
Instagram,C3,484,2765,Collagen,2025-07-08,19,3660
YouTube,C1,113,1741,Fat Burner,2025-03-24,13,8508
Instagram,C6,47,2208,Fat Burner,2025-03-15,15,5114
Facebook,C7,839,6815,Protein,2025-05-16,7,4869
Twitter,C4,18,8354,Omega-3,2025-05-26,15,1864
Facebook,C5,581,7699,Collagen,2025-05-29,20,7870
Facebook,C2,697,8368,Fat Burner,2025-06-29,9,1889
Twitter,C2,298,8138,Protein,2025-06-01,18,5720
Facebook,C2,856,5739,Creatine,2025-03-20,15,8836
Twitter,C6,234,8816,Fat Burner,2025-03-09,4,2359
Twitter,C10,538,3205,Fat Burner,2025-05-14,9,876
Twitter,C6,516,4005,Creatine,2025-05-01,17,2605
Twitter,C1,172,9345,Omega-3,2025-03-23,11,2253
YouTube,C4,774,2372,Omega-3,2025-04-10,11,4480
Twitter,C5,151,3494,Protein,2025-04-27,6,1719
Facebook,C3,794,1127,Multivitamin,2025-05-06,9,3401
Facebook,C9,97,7060,Fat Burner,2025-03-06,11,6617
Instagram,C2,103,8430,Creatine,2025-06-19,16,1564
Twitter,C2,312,7215,Fat Burner,2025-05-28,18,3023
Twitter,C4,824,6250,Fat Burner,2025-02-13,15,9870
Instagram,C10,754,8185,Fat Burner,2025-04-23,4,4382
Instagram,C1,344,3895,Protein,2025-06-02,11,1931
Facebook,C5,464,9334,Omega-3,2025-03-18,17,1735
Facebook,C4,503,5576,Protein,2025-04-27,9,658
YouTube,C9,753,2587,Multivitamin,2025-04-07,3,720
Instagram,C4,360,4805,Collagen,2025-06-24,12,6089
Instagram,C1,559,5871,Creatine,2025-02-06,14,1653
Twitter,C4,264,9082,Creatine,2025-02-17,1,3059
YouTube,C5,680,6588,Collagen,2025-05-02,18,8049
Twitter,C2,499,1791,Collagen,2025-01-30,5,5921
Facebook,C10,260,9481,Collagen,2025-07-14,4,2233
Facebook,C10,374,9604,Multivitamin,2025-04-17,8,2498
Facebook,C1,470,9326,Fat Burner,2025-03-12,15,1420
YouTube,C10,14,7990,Protein,2025-07-06,4,2772
Instagram,C8,848,5673,Creatine,2025-07-17,4,3768
Twitter,C1,362,6288,Collagen,2025-03-06,18,1829
Instagram,C1,309,7292,Omega-3,2025-04-19,10,3540
Twitter,C6,728,6219,Multivitamin,2025-03-24,5,2002
Instagram,C2,342,3923,Omega-3,2025-06-16,12,2000
Twitter,C5,913,3346,Creatine,2025-03-28,10,562
Facebook,C1,531,1687,Fat Burner,2025-03-20,15,7593
YouTube,C6,794,4451,Fat Burner,2025-05-30,14,4318
Facebook,C5,680,8053,Multivitamin,2025-05-23,18,3944
Facebook,C7,878,9505,Creatine,2025-06-18,3,1319
Instagram,C9,886,5558,Collagen,2025-02-15,17,1801
Twitter,C4,924,6150,Fat Burner,2025-05-21,6,6838
Facebook,C6,864,2629,Protein,2025-06-07,13,5749
Facebook,C7,611,6690,Collagen,2025-07-08,17,9172
Instagram,C6,496,5666,Omega-3,2025-04-05,7,3656
Facebook,C3,116,3713,Multivitamin,2025-05-09,5,8299
Twitter,C2,277,2942,Fat Burner,2025-02-10,8,3732
YouTube,C6,703,5716,Creatine,2025-03-18,1,8615
YouTube,C7,532,5486,Creatine,2025-07-03,7,3548
Instagram,C9,746,8973,Protein,2025-06-18,12,8187
YouTube,C2,656,8191,Omega-3,2025-06-24,17,5219
Facebook,C9,22,4664,Multivitamin,2025-04-21,20,1503
Instagram,C3,152,3774,Protein,2025-03-16,5,7750
Twitter,C1,421,5726,Omega-3,2025-01-26,19,3529
Facebook,C10,877,5250,Fat Burner,2025-03-10,17,8816
YouTube,C7,226,2738,Multivitamin,2025-05-01,17,603
Facebook,C8,676,4795,Creatine,2025-04-18,2,1803
Instagram,C10,146,5565,Creatine,2025-02-21,18,3381
Facebook,C1,366,3310,Omega-3,2025-06-18,12,3739
YouTube,C5,510,2572,Collagen,2025-04-13,18,4813
YouTube,C3,32,4388,Fat Burner,2025-03-29,8,2857
YouTube,C3,251,9334,Creatine,2025-07-14,17,9380
YouTube,C8,592,3766,Protein,2025-07-15,6,9927
Instagram,C2,759,1448,Multivitamin,2025-06-12,12,3602
Instagram,C2,713,1651,Multivitamin,2025-04-17,6,2531
Facebook,C4,997,9844,Protein,2025-03-22,4,1741
Instagram,C4,442,9813,Fat Burner,2025-03-05,6,3583
YouTube,C3,369,4197,Creatine,2025-04-26,20,3564
Twitter,C3,212,1109,Multivitamin,2025-04-09,8,5765
Facebook,C9,763,9001,Protein,2025-06-26,5,4230
Twitter,C9,92,1422,Collagen,2025-07-07,18,3161
YouTube,C10,199,7054,Creatine,2025-06-18,20,6966
Twitter,C9,943,4328,Fat Burner,2025-05-22,14,5361
Facebook,C6,978,5617,Fat Burner,2025-07-16,7,7254
Instagram,C8,387,7987,Collagen,2025-05-14,9,8801
YouTube,C3,655,8288,Omega-3,2025-03-25,2,5176
Facebook,C6,111,9534,Collagen,2025-04-01,13,4075
Instagram,C5,989,3067,Omega-3,2025-02-09,10,7488
Twitter,C6,281,8435,Fat Burner,2025-04-27,13,4611
YouTube,C10,899,5832,Collagen,2025-07-11,17,6148
Instagram,C7,642,2795,Creatine,2025-02-03,14,4444
Twitter,C1,696,2965,Collagen,2025-07-13,16,9192
Facebook,C7,558,8281,Omega-3,2025-02-07,15,614
Facebook,C4,921,8082,Omega-3,2025-02-23,11,4623
Facebook,C4,935,9081,Collagen,2025-06-23,5,5111
YouTube,C10,461,5309,Protein,2025-07-03,10,3142
YouTube,C10,982,2423,Creatine,2025-03-22,1,1559
Twitter,C2,898,3241,Creatine,2025-03-27,3,1509
Instagram,C3,540,5562,Creatine,2025-03-17,9,1528
Twitter,C10,180,2908,Creatine,2025-05-13,18,8592
Instagram,C8,272,6795,Omega-3,2025-02-19,10,6139
Instagram,C2,933,2295,Multivitamin,2025-07-08,7,1489
Instagram,C1,696,4644,Omega-3,2025-01-27,20,7546
Twitter,C3,358,2218,Fat Burner,2025-06-13,20,1809
YouTube,C5,910,6359,Omega-3,2025-06-02,3,7806
Instagram,C9,340,3567,Multivitamin,2025-05-30,2,696
Twitter,C2,401,9307,Collagen,2025-02-21,14,1945
YouTube,C8,604,6494,Fat Burner,2025-06-17,5,5716
Twitter,C2,428,5523,Multivitamin,2025-01-27,5,6422
Facebook,C8,968,8429,Fat Burner,2025-02-11,16,1579
Instagram,C6,283,9402,Omega-3,2025-04-25,6,9825
Twitter,C3,317,2213,Creatine,2025-05-11,8,4799
Instagram,C5,196,6157,Omega-3,2025-05-06,13,5727
YouTube,C3,43,1628,Protein,2025-04-18,6,7885
Facebook,C2,594,8100,Fat Burner,2025-06-06,14,6367
Facebook,C5,533,2645,Collagen,2025-04-04,13,8371
Twitter,C10,719,9540,Protein,2025-04-30,19,6569
Twitter,C6,352,6202,Fat Burner,2025-03-01,7,8687
YouTube,C6,855,4119,Omega-3,2025-06-22,8,5419
YouTube,C2,628,1583,Collagen,2025-04-06,12,8513
Instagram,C2,126,1130,Creatine,2025-01-19,3,5635
Facebook,C3,444,5029,Protein,2025-05-26,8,9444
Instagram,C8,815,3242,Multivitamin,2025-06-13,9,3617
Facebook,C5,466,7163,Fat Burner,2025-05-03,5,4237
Twitter,C8,581,4607,Collagen,2025-02-09,13,3294
YouTube,C5,992,4205,Creatine,2025-04-09,4,1199
Twitter,C8,812,5346,Creatine,2025-02-02,19,6281
YouTube,C3,812,8702,Creatine,2025-06-14,5,7213
Facebook,C2,356,3481,Creatine,2025-01-31,7,8117
Facebook,C10,296,8938,Omega-3,2025-04-13,15,8063
YouTube,C8,113,4065,Fat Burner,2025-06-08,5,5814
Twitter,C1,993,9138,Omega-3,2025-02-16,9,7106
YouTube,C6,9,5630,Protein,2025-01-20,11,8096
Instagram,C5,511,3159,Multivitamin,2025-01-19,1,8108
Twitter,C7,950,4253,Collagen,2025-03-10,4,7908
Twitter,C7,702,2453,Collagen,2025-07-17,17,3001
Instagram,C10,151,9459,Multivitamin,2025-06-08,10,2827
Twitter,C3,478,4509,Collagen,2025-05-01,17,6817
Facebook,C8,698,1052,Creatine,2025-06-15,4,7374
YouTube,C6,154,8115,Collagen,2025-02-27,20,901
Facebook,C9,536,2102,Omega-3,2025-03-24,16,2784
Twitter,C10,990,9039,Omega-3,2025-02-20,8,5689
Facebook,C6,297,4416,Protein,2025-02-09,15,6749
Instagram,C6,639,3918,Creatine,2025-06-06,10,2947
Twitter,C2,572,1635,Collagen,2025-07-04,4,7044
YouTube,C7,681,7851,Fat Burner,2025-06-29,18,6491
YouTube,C9,167,5310,Omega-3,2025-02-01,20,728
YouTube,C8,311,7230,Multivitamin,2025-01-21,15,7616
Instagram,C5,499,4845,Omega-3,2025-05-10,5,3330
YouTube,C1,296,6713,Collagen,2025-05-19,3,2974
Facebook,C10,67,8933,Multivitamin,2025-01-28,11,3513
Facebook,C1,819,9691,Omega-3,2025-07-16,9,4055
Twitter,C4,302,3950,Collagen,2025-03-19,2,2053
YouTube,C9,16,5916,Protein,2025-04-11,13,768
Instagram,C1,465,4799,Protein,2025-04-19,9,6910
Facebook,C3,42,5786,Omega-3,2025-05-28,4,8237
Twitter,C2,223,8947,Multivitamin,2025-04-09,15,2955
Facebook,C5,290,9031,Multivitamin,2025-05-24,14,4938
Facebook,C7,846,7425,Protein,2025-05-11,19,6026
Twitter,C3,608,6851,Collagen,2025-02-10,6,3740
Facebook,C10,127,9903,Creatine,2025-03-27,16,855
Facebook,C7,55,8880,Multivitamin,2025-07-20,10,8648
Instagram,C2,501,5840,Multivitamin,2025-02-16,8,6926
Twitter,C4,314,2581,Fat Burner,2025-03-07,17,3093
Twitter,C7,6,4586,Omega-3,2025-03-17,4,5472
YouTube,C8,441,2841,Collagen,2025-06-10,3,9500
Facebook,C2,361,5706,Omega-3,2025-04-05,20,5049
Instagram,C6,677,7874,Creatine,2025-02-16,20,4231
YouTube,C8,855,8326,Multivitamin,2025-03-12,12,3612
Twitter,C8,1,6331,Omega-3,2025-07-06,8,8471
Instagram,C9,52,5053,Collagen,2025-04-05,16,8677
Twitter,C8,258,7960,Creatine,2025-05-27,14,7591
Facebook,C2,142,2897,Creatine,2025-05-09,14,7628
YouTube,C2,359,3886,Creatine,2025-07-11,2,3118
YouTube,C3,900,8614,Fat Burner,2025-05-08,4,8484
Facebook,C2,291,6224,Protein,2025-06-11,9,1479
Facebook,C7,805,2860,Fat Burner,2025-06-14,9,6289
Twitter,C7,880,6694,Fat Burner,2025-05-15,9,2236
YouTube,C4,515,7522,Fat Burner,2025-01-25,17,1596
YouTube,C7,682,3098,Fat Burner,2025-04-02,11,5796
YouTube,C6,982,8925,Creatine,2025-07-10,14,8310
YouTube,C2,788,9014,Collagen,2025-04-20,9,5240
Instagram,C6,575,7750,Collagen,2025-01-25,12,2817
Twitter,C6,159,4847,Collagen,2025-03-10,3,4352
Instagram,C10,977,1474,Omega-3,2025-03-10,1,8999
YouTube,C8,89,5766,Multivitamin,2025-02-24,4,8597
Facebook,C4,731,5389,Omega-3,2025-05-05,16,4045
Facebook,C8,278,9314,Omega-3,2025-05-14,8,7321
YouTube,C2,147,4524,Omega-3,2025-02-23,19,8536
Instagram,C5,751,7701,Creatine,2025-03-08,16,712
Instagram,C8,202,1996,Omega-3,2025-07-20,8,5546
Twitter,C1,443,6295,Multivitamin,2025-04-14,19,3098
Facebook,C9,600,5286,Multivitamin,2025-04-26,14,6047
YouTube,C3,941,6203,Omega-3,2025-02-09,9,5589
Instagram,C8,83,7737,Creatine,2025-02-01,4,7528
Instagram,C3,298,7412,Protein,2025-07-13,16,2496
Twitter,C4,225,8240,Collagen,2025-03-24,18,2620
Facebook,C6,33,7966,Creatine,2025-03-02,20,9177
YouTube,C10,485,7531,Omega-3,2025-01-29,19,5118
Facebook,C1,956,5271,Fat Burner,2025-07-09,13,6088
YouTube,C10,364,1895,Multivitamin,2025-04-28,20,6617
Instagram,C7,255,5396,Fat Burner,2025-02-28,17,2599
Instagram,C1,832,8954,Protein,2025-07-04,13,6554
YouTube,C6,695,4587,Omega-3,2025-04-18,2,9762
Facebook,C7,653,6567,Collagen,2025-07-11,20,8258
Facebook,C8,396,1747,Fat Burner,2025-03-28,4,1534
Twitter,C4,433,6054,Omega-3,2025-04-16,19,790
YouTube,C1,409,8334,Omega-3,2025-01-20,4,7824
Facebook,C4,991,7714,Omega-3,2025-06-17,19,6562
Instagram,C1,926,4625,Multivitamin,2025-05-22,4,7332
Facebook,C7,101,3728,Fat Burner,2025-03-11,4,4532
Facebook,C5,915,9782,Protein,2025-04-22,8,3931
Twitter,C5,268,4378,Collagen,2025-06-04,12,5844
Facebook,C3,943,2807,Multivitamin,2025-05-24,19,4324
Twitter,C2,310,6401,Multivitamin,2025-04-08,20,5620
Instagram,C3,612,3117,Collagen,2025-01-24,14,8301
Instagram,C2,319,9843,Collagen,2025-02-19,13,5096
Instagram,C5,178,1326,Collagen,2025-05-16,2,9593
Instagram,C7,578,1345,Protein,2025-06-28,12,6082
Instagram,C2,447,7212,Collagen,2025-03-02,15,9957
Facebook,C5,696,2478,Collagen,2025-07-11,15,5924
YouTube,C8,897,6460,Fat Burner,2025-07-03,19,3684
Instagram,C7,331,6778,Omega-3,2025-06-23,17,2582
Facebook,C9,824,2039,Protein,2025-06-23,2,5772
Twitter,C4,593,1806,Creatine,2025-07-17,13,9876
Instagram,C5,143,9497,Collagen,2025-04-04,14,4250
YouTube,C3,700,4448,Multivitamin,2025-04-05,1,4383
Facebook,C1,787,6932,Multivitamin,2025-07-01,7,4581
Facebook,C2,205,9773,Collagen,2025-02-14,19,8505
Facebook,C7,257,4251,Fat Burner,2025-05-07,6,9729
Twitter,C6,139,3572,Omega-3,2025-05-06,1,8196
YouTube,C5,427,9776,Fat Burner,2025-05-25,11,817
Instagram,C3,568,7480,Protein,2025-04-01,4,5635
Twitter,C4,205,4757,Creatine,2025-07-16,10,8871
Instagram,C6,309,5754,Protein,2025-02-17,14,2066
YouTube,C7,313,3644,Fat Burner,2025-05-19,1,6793
Facebook,C8,88,7125,Collagen,2025-06-14,15,2930
Instagram,C8,305,6431,Fat Burner,2025-07-13,9,5769
Facebook,C9,581,7773,Omega-3,2025-05-16,12,1832
Facebook,C3,950,4532,Collagen,2025-02-20,12,9170
Instagram,C7,644,5074,Collagen,2025-07-18,12,8543
Instagram,C6,473,1223,Multivitamin,2025-01-22,8,8080
YouTube,C10,559,1591,Multivitamin,2025-03-07,9,4858
Instagram,C7,188,1328,Omega-3,2025-05-29,15,1596
YouTube,C1,385,9627,Creatine,2025-07-01,2,7864
YouTube,C9,802,2679,Fat Burner,2025-03-31,11,6882
Instagram,C10,897,9216,Multivitamin,2025-06-11,15,3665
Facebook,C4,854,7519,Multivitamin,2025-06-08,9,5025
Twitter,C2,448,8944,Omega-3,2025-05-20,6,2844
Instagram,C10,99,1692,Fat Burner,2025-02-27,7,6460
Instagram,C10,142,3571,Multivitamin,2025-03-22,18,1467
YouTube,C3,540,5638,Creatine,2025-07-07,18,8261
YouTube,C6,453,5939,Multivitamin,2025-06-18,11,4540
YouTube,C6,711,1397,Creatine,2025-02-25,13,4159
Instagram,C1,321,4768,Protein,2025-05-31,12,550
Twitter,C3,516,5051,Protein,2025-05-06,6,5861
Instagram,C8,958,1553,Multivitamin,2025-04-18,16,6335
Instagram,C3,702,5463,Collagen,2025-04-07,3,8406
Instagram,C8,730,3025,Omega-3,2025-03-12,11,9705
Twitter,C6,367,7190,Omega-3,2025-06-28,12,2894
Twitter,C2,480,7565,Multivitamin,2025-04-15,20,4968
YouTube,C7,363,3149,Fat Burner,2025-07-13,18,5743
Facebook,C5,438,5423,Collagen,2025-06-23,8,8441
Instagram,C9,478,2391,Omega-3,2025-02-12,11,5647
YouTube,C1,431,2253,Multivitamin,2025-02-25,10,9286
Twitter,C8,985,2210,Multivitamin,2025-03-17,4,3777
Instagram,C3,421,9265,Omega-3,2025-07-05,3,3583
Twitter,C8,473,7805,Collagen,2025-05-19,13,2472
Facebook,C10,29,1330,Fat Burner,2025-04-14,11,5343
YouTube,C2,935,1241,Protein,2025-06-11,20,1492
Facebook,C1,573,9875,Collagen,2025-06-16,16,3693
Twitter,C4,28,3487,Creatine,2025-07-04,6,9077
Twitter,C4,981,2565,Multivitamin,2025-04-13,13,8759
YouTube,C7,786,7408,Multivitamin,2025-03-26,7,5127
Instagram,C9,432,4183,Omega-3,2025-04-15,9,4566
Instagram,C3,91,6114,Fat Burner,2025-03-30,16,6660
YouTube,C10,774,6303,Protein,2025-03-06,12,7430
Instagram,C7,144,7965,Protein,2025-05-22,11,678
YouTube,C4,630,9394,Fat Burner,2025-05-04,15,5385
YouTube,C6,929,1383,Protein,2025-01-28,12,4776
Twitter,C4,310,5950,Fat Burner,2025-05-28,6,3846
YouTube,C4,806,5490,Fat Burner,2025-04-30,6,2860
YouTube,C10,249,8518,Omega-3,2025-07-04,11,5351
YouTube,C1,595,4320,Collagen,2025-02-13,1,914
Twitter,C6,525,2633,Omega-3,2025-06-24,4,972
Twitter,C6,383,5329,Omega-3,2025-04-15,7,7404
YouTube,C1,131,8723,Protein,2025-05-25,19,1789
Facebook,C5,636,7169,Omega-3,2025-06-17,10,6539
Instagram,C5,557,5771,Creatine,2025-07-01,17,8117
Twitter,C9,922,8037,Fat Burner,2025-03-02,18,2918
Twitter,C2,580,2524,Collagen,2025-02-16,10,7818
Facebook,C8,899,4641,Protein,2025-04-11,18,6759
YouTube,C8,301,7657,Fat Burner,2025-04-01,18,9597
Facebook,C7,55,5563,Collagen,2025-04-01,6,3071
Facebook,C7,774,8919,Fat Burner,2025-03-05,13,7776
Instagram,C6,866,5659,Collagen,2025-04-10,20,5646
Twitter,C6,403,9736,Fat Burner,2025-03-12,3,2265
Facebook,C9,129,9300,Protein,2025-05-28,7,4981
YouTube,C7,413,5007,Omega-3,2025-04-11,3,7970
YouTube,C9,687,7265,Omega-3,2025-01-31,3,5021
Instagram,C6,7,1282,Fat Burner,2025-03-27,20,3740
Twitter,C2,474,9143,Protein,2025-06-13,13,7927
YouTube,C3,827,7449,Creatine,2025-01-30,9,5165
Twitter,C8,782,7106,Omega-3,2025-07-18,5,3168
YouTube,C7,896,9955,Fat Burner,2025-01-20,11,2605
Facebook,C6,531,2774,Protein,2025-07-05,18,5788
YouTube,C3,472,8409,Creatine,2025-02-09,12,777
Twitter,C9,860,4671,Omega-3,2025-05-28,13,2530
Facebook,C10,56,1407,Fat Burner,2025-07-04,5,1358
Facebook,C3,87,7510,Collagen,2025-04-29,13,5849
Instagram,C9,57,4802,Fat Burner,2025-01-25,4,9553
YouTube,C7,277,8325,Fat Burner,2025-06-15,10,8316
Instagram,C7,850,7059,Omega-3,2025-06-30,20,6542
Twitter,C5,666,8811,Omega-3,2025-04-21,19,2822
Instagram,C7,110,2785,Protein,2025-04-13,3,5665
Instagram,C5,342,6089,Protein,2025-02-01,11,6644
Facebook,C10,609,6446,Multivitamin,2025-03-25,8,9513
Instagram,C2,100,3355,Creatine,2025-03-04,15,917
Twitter,C2,842,2370,Collagen,2025-07-08,2,7614
Instagram,C2,298,2562,Protein,2025-02-15,8,5806
Twitter,C2,580,3773,Fat Burner,2025-03-31,18,6980
Twitter,C1,494,4402,Multivitamin,2025-03-12,5,3416
Twitter,C10,708,9025,Creatine,2025-04-27,9,5851
YouTube,C7,340,5095,Omega-3,2025-04-16,1,1065
YouTube,C2,886,2374,Fat Burner,2025-03-31,16,5135
Twitter,C8,63,3315,Creatine,2025-04-14,8,5808
Instagram,C10,125,7605,Multivitamin,2025-03-26,8,9767
Instagram,C9,759,8758,Multivitamin,2025-02-15,8,9814
Facebook,C2,599,9575,Omega-3,2025-05-15,8,1145
YouTube,C8,691,4808,Multivitamin,2025-02-02,15,8883
Facebook,C9,524,1965,Creatine,2025-03-22,7,1415
Instagram,C10,758,9084,Protein,2025-04-09,5,2660
Instagram,C1,735,5129,Creatine,2025-02-09,1,8637
YouTube,C5,55,7747,Fat Burner,2025-03-06,10,1546
Twitter,C7,719,6102,Fat Burner,2025-03-05,8,1612
Facebook,C4,210,6535,Protein,2025-03-15,1,2792
Instagram,C4,529,3467,Omega-3,2025-05-02,20,2983
Twitter,C8,148,1598,Fat Burner,2025-06-17,16,2175
Twitter,C9,576,6266,Omega-3,2025-01-19,15,9065
Twitter,C7,759,7660,Multivitamin,2025-04-26,14,3176
Instagram,C2,991,1091,Creatine,2025-03-03,18,4350
Instagram,C4,508,5393,Creatine,2025-03-25,18,2005
YouTube,C8,140,4427,Creatine,2025-05-30,19,6403
Twitter,C2,229,9007,Fat Burner,2025-06-06,7,6350
Facebook,C6,917,9938,Omega-3,2025-05-15,14,6040
YouTube,C8,692,9188,Creatine,2025-03-29,6,1829
Twitter,C7,656,6128,Omega-3,2025-03-29,17,7260
Facebook,C7,873,4862,Fat Burner,2025-04-24,19,6129
Facebook,C1,159,6272,Creatine,2025-03-28,13,1639
YouTube,C6,309,8559,Collagen,2025-05-26,19,8568
Twitter,C4,644,8913,Creatine,2025-04-21,13,7062
Instagram,C9,319,9428,Collagen,2025-05-16,9,9431
YouTube,C5,737,2334,Protein,2025-07-15,12,1518
YouTube,C5,960,2721,Multivitamin,2025-05-03,9,9096
YouTube,C5,7,7974,Multivitamin,2025-03-02,14,7321
Facebook,C5,825,2269,Collagen,2025-07-12,12,6987
Twitter,C7,497,7155,Creatine,2025-03-06,12,3039
Instagram,C4,639,3085,Protein,2025-06-28,8,9480
Twitter,C1,705,1223,Multivitamin,2025-04-15,11,1965
YouTube,C7,206,3655,Creatine,2025-06-18,18,3895
Facebook,C1,118,9518,Collagen,2025-05-26,12,7848
Facebook,C1,69,2990,Creatine,2025-04-15,3,3106
YouTube,C1,1,3722,Fat Burner,2025-07-02,5,2388
Facebook,C3,157,4233,Creatine,2025-03-19,11,4772
Twitter,C6,619,8169,Creatine,2025-04-24,8,4225
Facebook,C9,902,2862,Fat Burner,2025-02-23,18,4420
Twitter,C10,124,1639,Multivitamin,2025-02-04,19,1425
Twitter,C6,533,7949,Collagen,2025-02-20,5,9637
Facebook,C6,100,9113,Fat Burner,2025-04-10,4,896
YouTube,C3,254,3797,Creatine,2025-02-17,17,1359
Twitter,C10,210,9594,Omega-3,2025-05-27,16,4194
Instagram,C7,107,8982,Fat Burner,2025-03-01,18,8342
Twitter,C4,486,3291,Omega-3,2025-05-23,11,1194
Facebook,C9,26,9963,Fat Burner,2025-01-29,4,1191
Twitter,C7,853,7850,Creatine,2025-04-27,20,4088
Instagram,C4,518,7543,Multivitamin,2025-04-14,8,4311
Instagram,C10,455,1151,Fat Burner,2025-05-08,12,3000
Instagram,C7,401,5861,Fat Burner,2025-03-20,18,2755
YouTube,C1,57,2926,Multivitamin,2025-04-25,8,8701
Instagram,C10,949,8134,Multivitamin,2025-03-10,15,5734
YouTube,C7,125,5820,Collagen,2025-07-06,9,5791
Instagram,C3,308,5441,Creatine,2025-03-18,19,6849
Instagram,C7,415,9560,Omega-3,2025-06-04,2,6984
Twitter,C3,496,6281,Creatine,2025-03-19,15,815
Facebook,C7,189,7088,Fat Burner,2025-03-25,20,8859
Instagram,C6,840,3718,Multivitamin,2025-07-02,15,5245
Facebook,C9,241,3318,Protein,2025-04-24,16,8564
YouTube,C3,862,5754,Multivitamin,2025-02-13,19,885
Facebook,C7,869,9572,Collagen,2025-06-15,14,7298
Facebook,C4,560,4349,Creatine,2025-04-22,3,9511
Instagram,C2,267,7082,Multivitamin,2025-04-07,6,1613
Facebook,C3,842,9509,Collagen,2025-06-13,1,1157
Instagram,C9,628,5116,Protein,2025-05-22,18,3778
YouTube,C2,698,8735,Creatine,2025-01-25,15,1089
Instagram,C10,450,8583,Creatine,2025-05-11,18,3921
Facebook,C7,880,4450,Fat Burner,2025-06-07,2,4260
Twitter,C5,674,6409,Collagen,2025-03-27,12,8552
YouTube,C9,632,3217,Fat Burner,2025-02-01,16,617
Instagram,C3,127,3690,Collagen,2025-02-19,5,6224
Facebook,C6,443,9591,Omega-3,2025-02-26,3,1820
YouTube,C4,150,8763,Omega-3,2025-04-18,12,6531
YouTube,C2,652,1160,Collagen,2025-06-03,3,8841
YouTube,C2,23,6205,Multivitamin,2025-03-04,9,3189
Instagram,C1,190,7820,Creatine,2025-02-22,19,7007
Twitter,C7,146,3936,Fat Burner,2025-06-04,9,3986
YouTube,C1,839,3463,Multivitamin,2025-01-30,1,2994
Twitter,C10,763,8708,Collagen,2025-05-18,20,9285
Instagram,C3,674,2098,Collagen,2025-03-01,16,620
Facebook,C1,247,1091,Creatine,2025-04-19,14,5110
Facebook,C10,175,6109,Collagen,2025-04-22,5,4852
Facebook,C9,524,4074,Creatine,2025-07-19,13,9613
YouTube,C2,760,4264,Omega-3,2025-03-28,7,6632
Twitter,C10,717,2537,Omega-3,2025-01-19,15,8870
Instagram,C7,560,9810,Fat Burner,2025-04-23,10,6863
Twitter,C1,206,8513,Multivitamin,2025-07-15,18,3119
YouTube,C3,488,6423,Collagen,2025-04-30,10,3802
Instagram,C8,492,2551,Omega-3,2025-03-27,11,4698
Twitter,C6,297,2001,Multivitamin,2025-03-13,8,5980
Twitter,C3,297,8679,Omega-3,2025-04-07,19,3707
Facebook,C4,684,3563,Omega-3,2025-06-28,17,5858
Twitter,C4,103,2093,Protein,2025-04-09,14,4765
Twitter,C5,983,6741,Fat Burner,2025-04-27,5,6932
YouTube,C4,603,4703,Protein,2025-05-16,18,2452
Instagram,C9,505,6651,Creatine,2025-03-11,19,5175
Facebook,C4,377,1231,Multivitamin,2025-03-30,11,7899
YouTube,C7,684,4156,Creatine,2025-03-08,1,972
Twitter,C5,282,5498,Multivitamin,2025-04-21,20,7799
Instagram,C1,401,5656,Multivitamin,2025-03-19,2,8885
Facebook,C5,396,7982,Multivitamin,2025-06-01,12,7146
Facebook,C2,715,6009,Creatine,2025-05-21,19,3852
Instagram,C3,820,7017,Collagen,2025-06-04,4,3528
Twitter,C1,110,7607,Fat Burner,2025-05-14,3,2346
Instagram,C10,476,5173,Protein,2025-06-07,20,1182
Facebook,C2,427,9864,Fat Burner,2025-06-15,3,6848
Twitter,C2,834,4319,Multivitamin,2025-04-02,17,2248
Twitter,C8,436,2269,Creatine,2025-05-03,14,3868
Twitter,C10,152,3497,Omega-3,2025-02-25,6,3779
Instagram,C2,29,2687,Omega-3,2025-03-22,7,9842
Instagram,C2,291,4546,Collagen,2025-02-15,8,5392
Twitter,C3,469,5587,Fat Burner,2025-03-03,20,4011
YouTube,C5,124,3921,Protein,2025-04-17,6,5470
Facebook,C5,578,5307,Fat Burner,2025-05-09,6,6413
Twitter,C3,399,2676,Collagen,2025-02-28,1,8098
Instagram,C2,12,3075,Multivitamin,2025-01-22,16,1390
Instagram,C2,595,9557,Fat Burner,2025-04-30,4,4265
Facebook,C8,311,7274,Multivitamin,2025-02-17,11,9787
Facebook,C6,35,6409,Creatine,2025-07-07,3,4634
YouTube,C4,661,5542,Fat Burner,2025-05-07,4,4052
Instagram,C7,667,8756,Protein,2025-01-30,13,8873
YouTube,C2,915,4429,Omega-3,2025-05-03,19,890
Facebook,C8,673,3754,Fat Burner,2025-07-10,13,5577
Instagram,C1,635,1043,Protein,2025-05-31,14,702
Facebook,C7,456,4798,Creatine,2025-03-27,13,4045
Instagram,C2,44,4546,Collagen,2025-07-16,16,3464
YouTube,C8,930,2496,Protein,2025-07-09,5,5971
Twitter,C2,929,3400,Creatine,2025-05-21,11,3880
YouTube,C4,364,3348,Collagen,2025-02-27,6,8685
Facebook,C7,986,3700,Collagen,2025-05-01,4,6866
Facebook,C7,143,8790,Fat Burner,2025-05-30,10,5863
Twitter,C6,480,1004,Collagen,2025-04-17,12,8001
Twitter,C8,904,6297,Protein,2025-05-14,6,6902
Twitter,C3,741,2274,Protein,2025-06-15,14,3207
Facebook,C3,470,1855,Omega-3,2025-03-05,9,8555
YouTube,C5,284,3244,Collagen,2025-06-22,16,8367
Twitter,C1,10,9383,Collagen,2025-06-01,3,9688
Instagram,C3,163,8203,Multivitamin,2025-07-05,6,5175
Facebook,C10,367,7969,Multivitamin,2025-02-26,9,4571
Facebook,C10,513,8728,Creatine,2025-06-10,13,1772
YouTube,C1,877,6359,Fat Burner,2025-05-22,7,2257
YouTube,C2,882,5957,Multivitamin,2025-02-22,8,504
Twitter,C6,516,9198,Fat Burner,2025-05-24,12,1011
Facebook,C6,216,2921,Fat Burner,2025-04-24,3,1319
Instagram,C8,358,4944,Multivitamin,2025-03-16,11,683
Twitter,C10,925,7442,Multivitamin,2025-05-11,15,4993
YouTube,C10,724,7181,Fat Burner,2025-04-08,4,500
Instagram,C9,538,7316,Fat Burner,2025-02-21,17,5471
YouTube,C1,400,8773,Omega-3,2025-03-26,9,7791
Twitter,C3,526,6816,Multivitamin,2025-06-12,1,6749
Instagram,C9,65,6107,Protein,2025-07-12,20,9807
YouTube,C5,179,9552,Collagen,2025-04-07,2,3113
Facebook,C2,672,6193,Creatine,2025-04-12,18,2093
Facebook,C4,156,9694,Collagen,2025-01-24,2,1377
Twitter,C10,361,2281,Creatine,2025-07-14,12,6530
Instagram,C1,672,4504,Protein,2025-06-30,4,4027
YouTube,C9,737,3721,Fat Burner,2025-06-06,6,3625
YouTube,C1,577,5550,Multivitamin,2025-04-11,1,7433
Facebook,C9,348,3341,Fat Burner,2025-04-05,17,6608
Twitter,C9,471,8163,Protein,2025-06-10,1,1746
Instagram,C3,733,8235,Multivitamin,2025-01-23,1,5087
Facebook,C4,880,9029,Collagen,2025-06-25,11,7340
Facebook,C6,806,5104,Creatine,2025-04-16,13,866
Facebook,C2,144,2970,Protein,2025-03-11,10,5373
YouTube,C4,286,8133,Multivitamin,2025-05-19,1,1073
Twitter,C1,804,6704,Multivitamin,2025-02-08,19,2467
Facebook,C6,781,3916,Multivitamin,2025-04-10,19,5448
Facebook,C3,675,1414,Collagen,2025-04-16,12,2823
YouTube,C4,311,6991,Collagen,2025-04-29,3,4804
Instagram,C2,946,8636,Omega-3,2025-06-21,6,7986
Instagram,C3,404,6668,Omega-3,2025-06-15,7,3853
Instagram,C5,70,7948,Protein,2025-03-31,20,2471
YouTube,C5,939,4502,Collagen,2025-01-20,16,997
YouTube,C8,860,4129,Protein,2025-02-11,6,8307
Twitter,C4,661,7266,Creatine,2025-07-14,18,3360
Instagram,C2,496,7130,Fat Burner,2025-01-20,7,735
YouTube,C6,386,3932,Protein,2025-03-18,12,2344
Instagram,C9,986,1174,Multivitamin,2025-05-01,4,1910
Twitter,C5,484,4208,Omega-3,2025-04-06,5,4347
Facebook,C8,621,8243,Protein,2025-03-15,20,7958
Instagram,C8,675,6914,Omega-3,2025-05-14,12,9999
Facebook,C7,185,9618,Protein,2025-02-27,19,9633
Facebook,C9,590,4193,Omega-3,2025-02-12,6,4975
Twitter,C7,726,1091,Multivitamin,2025-02-23,15,4924
Twitter,C4,950,6085,Protein,2025-06-13,6,869
Facebook,C5,520,6381,Collagen,2025-03-14,17,9727
Instagram,C3,795,2541,Collagen,2025-04-02,5,8359
Facebook,C4,675,7043,Multivitamin,2025-02-13,15,1536
YouTube,C5,539,5157,Collagen,2025-03-28,1,3011
YouTube,C7,266,9237,Omega-3,2025-05-04,20,4030
YouTube,C2,133,1212,Creatine,2025-05-18,2,1567
YouTube,C10,715,5473,Collagen,2025-03-01,18,7013
Twitter,C10,332,1549,Protein,2025-04-10,4,6683
Instagram,C5,603,5504,Collagen,2025-03-28,10,989
Twitter,C3,979,8843,Omega-3,2025-02-14,10,1108
YouTube,C4,595,7525,Protein,2025-06-26,4,8649
Facebook,C8,357,1719,Fat Burner,2025-02-04,12,7585
YouTube,C7,599,5145,Omega-3,2025-03-02,6,8130
Facebook,C8,633,5492,Fat Burner,2025-02-13,19,7257
Instagram,C7,850,1937,Multivitamin,2025-02-16,17,3367
YouTube,C10,414,1498,Collagen,2025-01-29,6,717
YouTube,C5,70,8713,Fat Burner,2025-06-26,4,9949
YouTube,C6,47,8446,Collagen,2025-02-14,16,1221
YouTube,C10,31,9033,Omega-3,2025-02-19,7,1532
Instagram,C2,873,3847,Protein,2025-03-02,20,5101
YouTube,C10,751,8756,Creatine,2025-04-16,5,5113
Facebook,C7,163,9938,Omega-3,2025-04-06,20,8350
Instagram,C7,238,2702,Collagen,2025-03-06,11,3821
Twitter,C4,99,1625,Creatine,2025-01-30,15,4879
YouTube,C10,682,7054,Omega-3,2025-05-09,18,899
YouTube,C6,109,1472,Fat Burner,2025-07-01,13,4955
Facebook,C6,512,3509,Multivitamin,2025-04-07,15,3581
Instagram,C2,957,3898,Creatine,2025-02-02,4,4347
YouTube,C8,696,3156,Collagen,2025-07-11,18,7839
Instagram,C3,488,2356,Omega-3,2025-05-13,3,531
Instagram,C1,332,7874,Collagen,2025-01-31,11,1222
Facebook,C9,779,2956,Creatine,2025-02-21,8,9727
Facebook,C5,238,1918,Fat Burner,2025-07-13,12,7632
Twitter,C10,791,8264,Creatine,2025-04-28,5,9657
YouTube,C7,828,2021,Creatine,2025-07-19,8,8504
YouTube,C5,940,6148,Collagen,2025-03-08,16,4293
